AUM,EXPENSE_RATIO,FUND,ISSUER,RETURN_10YR,RETURN_1YR,RETURN_3YR,RETURN_5YR,SEGMENT,TICKER
233561527684.75,9.45,SPDR S&P 500 ETF Trust,['State Street Global Advisors'],0.072027,0.255848,0.109659,0.139418,Equity: U.S. - Large Cap,SPY
97461800030.0,4.0,iShares Core S&P 500 ETF,['BlackRock'],0.072385,0.257006,0.110169,0.140126,Equity: U.S. - Large Cap,IVV
75531802358.88,5.0,Vanguard Total Stock Market Index Fund,['Vanguard'],0.077025,0.274169,0.103214,0.138067,Equity: U.S. - Total Market,VTI
62890535823.7,5.0,Vanguard S&P 500 Index Fund,['Vanguard'],,0.257474,0.110336,0.140339,Equity: U.S. - Large Cap,VOO
45248510400.0,20.0,PowerShares QQQ Trust,['Invesco PowerShares'],0.121251,0.294176,0.144351,0.167555,Equity: U.S. - Large Cap,QQQ
42135720510.0,5.0,iShares Core U.S. Aggregate Bond ETF,['BlackRock'],0.041473,0.012044,0.026722,0.021348,Fixed Income: U.S. - Broad Market Investment Grade ,AGG
39115221820.0,7.0,iShares Core S&P Mid-Cap ETF,['BlackRock'],0.087048,0.343992,0.101346,0.136531,Equity: U.S. - Mid Cap,IJH
37750682450.0,20.0,iShares Russell 2000 ETF,['BlackRock'],0.069189,0.40011,0.077747,0.126188,Equity: U.S. - Small Cap,IWM
36902570700.0,20.0,iShares Russell 1000 Value ETF,['BlackRock'],0.057548,0.299049,0.101457,0.138106,Equity: U.S. - Large Cap Value,IWD
33543121360.0,20.0,iShares Russell 1000 Growth ETF,['BlackRock'],0.084923,0.22786,0.10713,0.136453,Equity: U.S. - Large Cap Growth,IWF
32118531997.64,6.0,Vanguard Total Bond Market Index Fund,['Vanguard'],,0.015565,0.02714,0.021825,Fixed Income: U.S.  - Broad Market Investment Grade ,BND
30158680050.0,15.0,iShares iBoxx $ Investment Grade Corporate Bond ETF,['BlackRock'],0.05416,0.068899,0.039511,0.038631,Fixed Income: U.S.  -  Corporate Investment Grade,LQD
30022535070.0,7.0,iShares Core S&P Small Cap ETF,['BlackRock'],0.086169,0.387312,0.106536,0.145629,Equity: U.S.  -  Small Cap,IJR
29672431602.66,8.0,Vanguard Value Index Fund,['Vanguard'],0.062216,0.284738,0.113619,0.143251,Equity: U.S.  -  Large Cap Value,VTV
24437472257.94,8.0,Vanguard Growth Index Fund,['Vanguard'],0.085443,0.235655,0.10003,0.134363,Equity: U.S.  -  Large Cap Growth,VUG
23682714683.1,9.0,Vanguard Dividend Appreciation Index Fund,['Vanguard'],0.073315,0.208456,0.095044,0.118924,Equity: U.S.  -  Total Market,VIG
20786976624.526,25.0,SPDR S&P Midcap 400 ETF Trust,['State Street Global Advisors'],0.085064,0.340345,0.099233,0.134243,Equity: U.S.  -  Mid Cap,MDY
18654161800.0,50.0,iShares iBoxx $ High Yield Corporate Bond ETF,['BlackRock'],,0.190663,0.032936,0.052108,Fixed Income: U.S.  -  Corporate High Yield,HYG
18455872409.23,8.0,Vanguard Mid-Cap Index Fund,['Vanguard'],0.075655,0.278417,0.089896,0.132139,Equity: U.S.  -  Mid Cap,VO
17817167255.22,8.0,Vanguard Small-Cap Index Fund,['Vanguard'],0.080137,0.354809,0.080252,0.131868,Equity: U.S.  -  Small Cap,VB
17763180623.91,9.0,Vanguard High Dividend Yield Index Fund,['Vanguard'],0.073676,0.241292,0.119046,0.140863,Equity: U.S.  -  High Dividend Yield,VYM
17710910270.0,15.0,iShares Russell 1000 ETF,['BlackRock'],0.072447,0.263153,0.105215,0.138528,Equity: U.S.  -  Large Cap,IWB
17171838946.42,7.0,Vanguard Short-Term Corporate Bond Index Fund,['Vanguard'],,0.034198,0.019931,0.023035,Fixed Income: U.S.  -  Corporate Investment Grade Short-Term,VCSH
17171403200.0,39.0,iShares Select Dividend ETF,['BlackRock'],0.061908,0.237881,0.123684,0.143457,Equity: U.S.  -  High Dividend Yield,DVY
17119649580.0,47.0,iShares U.S. Preferred Stock ETF,['BlackRock'],,0.081156,0.062586,0.060823,Fixed Income: U.S.  -  Corporate Preferred Stock,PFF
16118866706.738,17.0,SPDR Dow Jones Industrial Average ETF Trust,['State Street Global Advisors'],0.077684,0.297138,0.114618,0.125425,Equity: U.S.  -  Large Cap,DIA
15780601550.0,18.0,iShares S&P 500 Growth ETF,['BlackRock'],0.075001,0.220122,0.109926,0.134124,Equity: U.S.  -  Large Cap Growth,IVW
15520395720.0,20.0,iShares Russell Midcap ETF,['BlackRock'],0.07555,0.284491,0.087514,0.1335,Equity: U.S.  -  Mid Cap,IWR
15488708292.49,35.0,SPDR S&P Dividend ETF,['State Street Global Advisors'],0.077814,0.242849,0.125078,0.145651,Equity: U.S.  -  High Dividend Yield,SDY
13865607960.0,18.0,iShares S&P 500 Value ETF,['BlackRock'],0.055165,0.289724,0.10568,0.135138,Equity: U.S.  -  Large Cap Value,IVE
12993513855.867,40.0,Guggenheim S&P 500 Equal Weight ETF,['Guggenheim'],0.078465,0.277284,0.098271,0.140271,Equity: U.S.  -  Large Cap,RSP
12635778254.4718,40.0,SPDR Bloomberg Barclays High Yield Bond ETF,['State Street Global Advisors'],,0.21017,0.025867,0.048474,Fixed Income: U.S.  -  Corporate High Yield,JNK
12432388445.52,7.0,Vanguard Intermediate-Term Corporate Bond Index Fund,['Vanguard'],,0.058121,0.041823,0.041296,Fixed Income: U.S.  -  Corporate Investment Grade Intermediate,VCIT
12296827900.0,15.0,iShares Edge MSCI Min Vol USA ETF,['BlackRock'],,0.173322,0.125556,0.139335,Equity: U.S.  -  Total Market,USMV
11293070215.0,20.0,iShares 1-3 Year Credit Bond ETF,['BlackRock'],0.027804,0.018734,0.010967,0.012979,Fixed Income: U.S.  -  Corporate Investment Grade Short-Term,CSJ
11125715988.96,8.0,Vanguard Small Cap Value Index Fund,['Vanguard'],0.076021,0.384967,0.106307,0.145928,Equity: U.S.  -  Small Cap Value,VBR
9607297770.0,25.0,iShares Russell Mid-Cap Value ETF,['BlackRock'],0.072114,0.333571,0.099886,0.143964,Equity: U.S.  -  Mid Cap Value,IWS
9206046440.0,25.0,iShares Russell 2000 Value ETF,['BlackRock'],0.059323,0.456718,0.093719,0.130392,Equity: U.S.  -  Small Cap Value,IWN
9006650980.02,8.0,Vanguard Large Cap Index Fund,['Vanguard'],0.074069,0.260964,0.107114,0.138579,Equity: U.S.  -  Large Cap,VV
8702980000.0,65.0,PowerShares Senior Loan Portfolio,['Invesco PowerShares'],,0.107377,0.020919,0.034472,Fixed Income: U.S.  - Corporate High Yield Floating Rate,BKLN
8380682117.5,3.0,Schwab U.S. Broad Market ETF,['Charles Schwab'],,0.272585,0.10389,0.137941,Equity: U.S.  -  Total Market,SCHB
7998511607.4,3.0,Schwab U.S. Large-Cap ETF,['Charles Schwab'],,0.262607,0.107234,0.138626,Equity: U.S.  -  Large Cap,SCHX
7949447275.0,25.0,iShares Russell 2000 Growth ETF,['BlackRock'],0.076615,0.341665,0.06056,0.120437,Equity: U.S.  -  Small Cap Growth,IWO
7439139435.0,3.0,iShares Core S&P Total U.S. Stock Market ETF,['BlackRock'],0.073027,0.274181,0.108469,0.139131,Equity: U.S.  -  Total Market,ITOT
7397235495.0,20.0,iShares Russell 3000 ETF,['BlackRock'],0.071654,0.272821,0.102366,0.136842,Equity: U.S.  -  Total Market,IWV
7200130250.0,25.0,iShares Russell Mid-Cap Growth ETF,['BlackRock'],0.075296,0.232529,0.072575,0.120168,Equity: U.S.  -  Mid Cap Growth,IWP
7144806677.37,8.0,Vanguard Mid Cap Value Index Fund,['Vanguard'],0.07577,0.30324,0.103006,0.147307,Equity: U.S.  -  Mid Cap Value,VOE
6844855660.0,20.0,iShares Intermediate Credit Bond ETF,['BlackRock'],0.044331,0.034174,0.024737,0.026814,Fixed Income: U.S.  -  Corporate Investment Grade Intermediate,CIU
6578751770.0,8.0,iShares Core High Dividend ETF,['BlackRock'],,0.171327,0.107397,0.124554,Equity: U.S.  -  High Dividend Yield,HDV
6319356000.0,25.0,Powershares S&P 500 Low Volatility Portfolio,['Invesco PowerShares'],,0.16042,0.119306,0.135546,Equity: U.S.  -  Large Cap,SPLV
6316757700.0,25.0,iShares S&P Mid-Cap 400 Value ETF,['BlackRock'],0.07851,0.383428,0.104898,0.141876,Equity: U.S.  -  Mid Cap Value,IJJ
6201330380.0,25.0,iShares S&P Mid-Cap 400 Growth ETF,['BlackRock'],0.092671,0.294559,0.091762,0.126704,Equity: U.S.  -  Mid Cap Growth,IJK
5913137467.74,8.0,Vanguard Small-Cap Growth Index Fund,['Vanguard'],0.076486,0.318002,0.049088,0.111114,Equity: U.S.  -  Small Cap Growth,VBK
5881196800.0,36.0,PIMCO Enhanced Short Maturity Active ETF,['PIMCO'],,0.023961,0.010898,0.011271,Fixed Income: U.S.  - Broad Market Investment Grade Short-Term,MINT
5251603932.15,6.0,Schwab U.S. Small-Cap ETF,['Charles Schwab'],,0.372234,0.077576,0.132254,Equity: U.S.  -  Small Cap,SCHA
5168728977.51219,7.0,Schwab US Dividend Equity ETF,['Charles Schwab'],,0.219954,0.109692,0.136686,Equity: U.S.  -  High Dividend Yield,SCHD
5084511575.0,25.0,iShares S&P Small-Cap 600 Value ETF,['BlackRock'],0.076279,0.412504,0.103262,0.141592,Equity: U.S.  -  Small Cap Value,IJS
4970544950.0,39.0,PowerShares FTSE RAFI US 1000 Portfolio,['Invesco PowerShares'],0.076658,0.291777,0.102882,0.141878,Equity: U.S.  -  Large Cap,PRF
4727422490.0,20.0,iShares Floating Rate Bond ETF,['BlackRock'],,0.022607,0.007708,0.011278,Fixed Income: U.S.  - Broad Market Investment Grade Floating Rate,FLOT
4692441679.12,9.0,Vanguard Extended Market Index Fund,['Vanguard'],0.079218,0.359886,0.075224,0.129242,Equity: U.S.  -  Extended Market,VXF
4591050625.0,20.0,iShares S&P 100,['BlackRock'],0.069734,0.248203,0.113502,0.135745,Equity: U.S.  -  Large Cap,OEF
4477315400.0,50.0,PowerShares Preferred Portfolio,['Invesco PowerShares'],,0.073722,0.079379,0.069569,Fixed Income: U.S.  -  Corporate Preferred Stock,PGX
4431099895.0,25.0,iShares S&P Small-Cap 600 Growth ETF,['BlackRock'],0.09478,0.362316,0.107171,0.147015,Equity: U.S.  -  Small Cap Growth,IJT
3994149476.38,8.0,Vanguard Mid Cap Growth Index Fund,['Vanguard'],0.072735,0.249394,0.074546,0.114864,Equity: U.S.  -  Mid Cap Growth,VOT
3860287722.2,40.0,SPDR Bloomberg Barclays Short Term High Yield Bond ETF,['State Street Global Advisors'],,0.199781,0.022367,,Fixed Income: U.S.  - Corporate High Yield Short-Term,SJNK
3784116301.2,4.0,Schwab U.S. Large-Cap Growth ETF,['Charles Schwab'],,0.249586,0.107341,0.139328,Equity: U.S.  -  Large Cap Growth,SCHG
3469035640.0,15.0,iShares Edge MSCI USA Quality Factor ETF,['BlackRock'],,0.208731,0.110302,,Equity: U.S.  -  Total Market,QUAL
3417859140.0,4.0,Schwab US Aggregate Bond ETF,['Charles Schwab'],,0.011287,0.026465,0.020805,Fixed Income: U.S.  - Broad Market Investment Grade ,SCHZ
3360670600.0,40.0,SPDR Bloomberg Barclays Convertible Securities ETF,['State Street Global Advisors'],,0.235743,0.056534,0.095897,Fixed Income: U.S.  -   Convertibles,CWB
3253030392.6,70.0,First Trust Value Line Dividend Index Fund,['First Trust'],0.08294,0.235502,0.136344,0.146219,Equity: U.S.  -  High Dividend Yield,FVD
3202023350.4,6.0,Schwab U.S. Mid-Cap ETF,['Charles Schwab'],,0.30275,0.090561,0.136492,Equity: U.S.  -  Mid Cap,SCHM
3183243521.9,4.0,Schwab U.S. Large-Cap Value ETF,['Charles Schwab'],,0.273075,0.105773,0.136207,Equity: U.S.  -  Large Cap Value,SCHV
3057707100.0,30.0,PowerShares S&P 500 High Dividend Low Volatility Portfolio,['Invesco PowerShares'],,0.25344,0.170018,,Equity: U.S.  -  Large Cap,SPHD
2964134565.6,12.0,SPDR Bloomberg Barclays Short Term Corporate Bond ETF,['State Street Global Advisors'],,0.023057,0.012678,0.015228,Fixed Income: U.S.  -  Corporate Investment Grade Short-Term,SCPB
2901780000.0,35.0,ProShares S&P 500 Dividend Aristocrats ETF,['ProShares'],,0.176866,0.112956,,Equity: U.S.  -  Large Cap,NOBL
2773983325.0,38.0,WisdomTree MidCap Dividend Fund,['WisdomTree'],0.083457,0.293554,0.121397,0.153053,Equity: U.S.  -  Mid Cap,DON
2563279022.25,7.0,Vanguard Mega Cap Growth Index Fund,['Vanguard'],,0.238595,0.106237,0.138545,Equity: U.S.  -  Large Cap Growth,MGK
2530473435.0,15.0,iShares Edge MSCI USA Value Factor ETF,['BlackRock'],,0.333702,0.102639,,Equity: U.S.  -  Total Market Value,VLUE
2384514250.0,26.0,iShares Short Maturity Bond ETF,['BlackRock'],,0.015419,0.009307,,Fixed Income: U.S.  - Broad Market Investment Grade Short-Term,NEAR
2214893902.3668,40.0,ALPS Sector Dividend Dogs ETF,['ALPS'],,0.287765,0.12996,,Equity: U.S.  -  Large Cap,SDOG
2175459131.96207,32.0,Schwab Fundamental US Large Co. Index ETF,['Charles Schwab'],,0.265195,0.100584,,Equity: U.S.  -  Large Cap,FNDX
2126880340.0,30.0,iShares 0-5 Year High Yield Corporate Bond ETF,['BlackRock'],,0.162245,0.030982,,Fixed Income: U.S.  - Corporate High Yield Short-Term,SHYG
2106862335.0,15.0,iShares Edge MSCI USA Momentum Factor ETF,['BlackRock'],,0.189843,0.108534,,Equity: U.S.  -  Total Market,MTUM
2100901530.0,38.0,WisdomTree SmallCap Dividend Fund,['WisdomTree'],0.07111,0.386161,0.106497,0.143903,Equity: U.S.  -  Small Cap,DES
2077470000.0,55.0,PIMCO 0-5 Year High Yield Corporate Bond Index ETF,['PIMCO'],,0.200163,0.03477,0.055624,Fixed Income: U.S.  - Corporate High Yield Short-Term,HYS
1963451380.0,28.0,WisdomTree LargeCap Dividend Fund,['WisdomTree'],0.064818,0.245416,0.112432,0.130941,Equity: U.S.  -  Large Cap,DLN
1914429623.558,35.0,Guggenheim S&P 500 Pure Growth ETF,['Guggenheim'],0.096307,0.207457,0.068532,0.138907,Equity: U.S.  -  Large Cap Growth,RPG
1806040205.48525,12.0,SPDR Bloomberg Barclays Intermediate Term Corporate Bond ETF,['State Street Global Advisors'],,0.041698,0.028427,0.030596,Fixed Income: U.S.  -  Corporate Investment Grade Intermediate,ITR
1778942257.946,45.0,First Trust Morningstar Dividend Leaders Index Fund,['First Trust'],0.060311,0.231493,0.136276,0.146202,Equity: U.S.  -  High Dividend Yield,FDL
1722509041.11,37.0,FlexShares Quality Dividend Index Fund,['Northern Trust'],,0.267715,0.109823,,Equity: U.S.  -  Total Market,QDF
1672759000.0,63.0,PowerShares Financial Preferred Portfolio,['Invesco PowerShares'],0.041821,0.072938,0.079688,0.072226,Fixed Income: U.S.  -  Corporate Preferred Stock,PGF
1646751150.0,39.0,PowerShares FTSE RAFI US 1500 Small-Mid Portfolio,['Invesco PowerShares'],0.086811,0.394369,0.083748,0.132411,Equity: U.S.  -  Extended Market,PRFZ
1600572351.0,7.0,Vanguard Mega Cap Value Index Fund,['Vanguard'],,0.275483,0.114707,0.142191,Equity: U.S.  -  Large Cap Value,MGV
1565510862.699,32.0,Schwab Fundamental US Small Co. Index ETF,['Charles Schwab'],,0.372058,0.091667,,Equity: U.S.  -  Small Cap,FNDA
1553656353.75,61.0,First Trust Large Cap Core AlphaDEX Fund,['First Trust'],,0.276493,0.091274,0.13098,Equity: U.S.  -  Large Cap,FEX
1495973609.96,7.0,Vanguard Long-Term Corporate Bond Index Fund,['Vanguard'],,0.119312,0.064091,0.052079,Fixed Income: U.S.  -  Corporate Investment Grade Long-Term,VCLT
1445238300.0,64.0,PowerShares DWA Momentum Portfolio,['Invesco PowerShares'],,0.182776,0.063923,0.118702,Equity: U.S.  -  Total Market,PDP
1420266200.0,63.0,PowerShares Buyback Achievers Portfolio,['Invesco PowerShares'],0.084894,0.262273,0.085868,0.144128,Equity: U.S.  -  Total Market,PKW
1393436250.0,15.0,Vanguard S&P 500 Growth Index Fund,['Vanguard'],,0.218876,0.109606,0.141589,Equity: U.S.  -  Large Cap Growth,VOOG
1348187970.0,5.0,iShares Core S&P U.S. Value ETF,['BlackRock'],0.058021,0.316456,0.102946,0.13899,Equity: U.S.  -  Total Market Value,IUSV
1297868670.0,38.0,WisdomTree High Dividend Fund,['WisdomTree'],0.055714,0.213477,0.116609,0.133658,Equity: U.S.  -  High Dividend Yield,DHS
1245544125.0,8.0,iShares Core Dividend Growth ETF,['BlackRock'],,0.255376,,,Equity: U.S.  -  Total Market,DGRO
1245331720.0,5.0,iShares Core S&P U.S. Growth ETF,['BlackRock'],0.084068,0.234911,0.103947,0.135425,Equity: U.S.  -  Total Market Growth,IUSG
1238334088.53532,15.0,SPDR S&P 600 Small Cap Growth ETF,['State Street Global Advisors'],0.098754,0.363571,0.106869,0.147145,Equity: U.S.  -  Small Cap Growth,SLYG
1228934850.0,57.0,PowerShares Dynamic Large Cap Value Portfolio,['Invesco PowerShares'],0.067282,0.309073,0.110205,0.138846,Equity: U.S.  -  Large Cap Value,PWV
1223178470.0,28.0,WisdomTree US Quality Dividend Growth Fund,['WisdomTree'],,0.237617,0.112889,,Equity: U.S.  -  Total Market,DGRW
1174467750.0,29.0,PowerShares S&P 500 Quality Portfolio,['Invesco PowerShares'],0.05499,0.206958,0.1281,0.143562,Equity: U.S.  -  Large Cap,SPHQ
1166253400.0,50.0,Powershares Fundamental High Yield Corporate Bond Portfolio,['Invesco PowerShares'],,0.16293,0.036456,0.048658,Fixed Income: U.S.  -  Corporate High Yield,PHB
1161212500.0,7.0,Vanguard Mega Cap Index Fund,['Vanguard'],,0.256869,0.110536,0.139869,Equity: U.S.  -  Large Cap,MGC
1153952902.23306,8.0,SPDR Bloomberg Barclays Aggregate Bond ETF,['State Street Global Advisors'],,0.011897,0.026582,0.020821,Fixed Income: U.S.  - Broad Market Investment Grade ,BNDS
1144967835.0,15.0,iShares U.S. Credit Bond ETF,['BlackRock'],0.050034,0.056505,0.035523,0.032853,Fixed Income: U.S.  -  Corporate Investment Grade,CRED
1138815000.0,50.0,PowerShares Variable Rate Preferred Portfolio,['Invesco PowerShares'],,0.158907,,,Fixed Income: U.S.  - Corporate Preferred Stock Floating Rate,VRP
1124045500.0,54.0,PowerShares High Yield Equity Dividend Achievers Portfolio,['Invesco PowerShares'],0.047948,0.350678,0.177785,0.169029,Equity: U.S.  -  High Dividend Yield,PEY
1103957430.0,20.0,iShares Dow Jones U.S. ETF,['BlackRock'],0.058923,0.266687,0.103023,0.128732,Equity: U.S.  -  Total Market,IYY
1055781247.912,35.0,Guggenheim S&P 500 Pure Value ETF,['Guggenheim'],0.077272,0.358953,0.09481,0.156817,Equity: U.S.  -  Large Cap Value,RPV
1050323500.0,43.0,Guggenheim BulletShares 2018 High Yield Corporate Bond ETF,['Guggenheim'],,0.134341,0.022882,,Fixed Income: U.S.  - Corporate High Yield Short-Term,BSJI
1041079014.19326,15.0,SPDR S&P 600 Small Cap Value ETF,['State Street Global Advisors'],0.082057,0.414751,0.104501,0.142287,Equity: U.S.  -  Small Cap Value,SLYV
1012061500.0,15.0,Vanguard Russell 2000 Index Fund,['Vanguard'],,0.400973,0.077336,0.125511,Equity: U.S.  -  Small Cap,VTWO
1012034101.2034,25.0,FlexShares Morningstar US Market Factor Tilt Index Fund,['Northern Trust'],,0.317147,0.096473,0.137408,Equity: U.S.  -  Total Market,TILT
1008117000.0,12.0,Vanguard Russell 1000 Value Index Fund,['Vanguard'],,0.297156,0.101126,0.138844,Equity: U.S.  -  Large Cap Value,VONV
1006787962.7,12.0,Vanguard Russell 1000 Growth Index Fund,['Vanguard'],,0.228238,0.107751,0.137236,Equity: U.S.  -  Large Cap Growth,VONG
1004356699.688,62.0,First Trust Large Cap Value AlphaDEX Fund,['First Trust'],,0.371035,0.095972,0.12887,Equity: U.S.  -  Large Cap Value,FTA
991452297.8,49.0,VanEck Vectors Morningstar Wide Moat ETF,['VanEck'],,0.337715,0.111963,,Equity: U.S.  -  Total Market,MOAT
982017450.0,24.0,Guggenheim BulletShares 2018 Corporate Bond ETF,['Guggenheim'],,0.025549,0.018367,,Fixed Income: U.S.  -  Corporate Investment Grade Short-Term,BSCI
949193800.0,25.0,PowerShares S&P SmallCap Low Volatility Portfolio,['Invesco PowerShares'],,0.358556,0.149355,,Equity: U.S.  -  Small Cap,XSLV
945378000.0,21.0,Fidelity NASDAQ Composite Tracking Stock,['Fidelity'],0.097692,0.311825,0.122182,0.158732,Equity: U.S.  -  Total Market,ONEQ
931366125.0,38.0,WisdomTree Dividend ex-Financials Fund,['WisdomTree'],0.069816,0.22373,0.10152,0.12659,Equity: U.S.  -  Large Cap,DTN
920146650.0,25.0,PowerShares S&P MidCap Low Volatility Portfolio,['Invesco PowerShares'],,0.28567,0.155782,,Equity: U.S.  -  Mid Cap,XMLV
873056250.0,24.0,Guggenheim BulletShares 2019 Corporate Bond ETF,['Guggenheim'],,0.037249,0.025476,,Fixed Income: U.S.  -  Corporate Investment Grade Short-Term,BSCJ
860961000.0,60.0,iShares Micro-Cap ETF,['BlackRock'],0.038973,0.390754,0.0489,0.119164,Equity: U.S.  -  Micro Cap,IWC
859944250.0,25.0,PowerShares S&P 500 High Beta Portfolio,['Invesco PowerShares'],,0.537224,0.086246,0.125898,Equity: U.S.  -  Large Cap,SPHB
839290085.0,15.0,SPDR Bloomberg Barclays Investment Grade Floating Rate ETF,['State Street Global Advisors'],,0.022439,0.008408,0.006028,Fixed Income: U.S.  - Broad Market Investment Grade Floating Rate,FLRN
815624160.0,20.0,iShares 10+ Year Credit Bond ETF,['BlackRock'],,0.100776,0.056397,0.046823,Fixed Income: U.S.  -  Corporate Investment Grade Long-Term,CLY
808048150.0,20.0,iShares Russell Top 200 Growth ETF,['BlackRock'],,0.225459,0.121593,0.143252,Equity: U.S.  -  Large Cap Growth,IWY
802022400.0,24.0,Guggenheim BulletShares 2017 Corporate Bond ETF,['Guggenheim'],,0.013249,0.011374,0.024028,Fixed Income: U.S.  - Corporate Investment Grade Ultra-Short Term,BSCH
792696300.0,38.0,WisdomTree MidCap Earnings Fund,['WisdomTree'],0.093072,0.323687,0.085837,0.133022,Equity: U.S.  -  Mid Cap,EZM
786585275.0,50.0,iShares MSCI KLD 400 Social ETF,['BlackRock'],0.067602,0.241339,0.093014,0.131583,Equity: U.S.  -  Total Market,DSI
773335200.0,24.0,Guggenheim BulletShares 2020 Corporate Bond ETF,['Guggenheim'],,0.044821,0.032173,,Fixed Income: U.S.  -  Corporate Investment Grade Intermediate,BSCK
770861430.0,8.0,iShares Core Total USD Bond Market ETF,['BlackRock'],,0.032012,,,Fixed Income: U.S.  -  Broad Market,IUSB
761054400.0,20.0,iShares Morningstar Large-Cap ETF,['BlackRock'],0.084986,0.283635,0.120827,0.15254,Equity: U.S.  -  Large Cap,JKD
759180918.622,63.0,First Trust Mid Cap Core AlphaDEX Fund,['First Trust'],,0.341584,0.065088,0.112038,Equity: U.S.  -  Mid Cap,FNX
755785200.0,8.0,iShares Core 1-5 Year USD Bond ETF,['BlackRock'],,0.028825,0.016102,,Fixed Income: U.S.  -  Broad Market Short-Term,ISTB
737774185.994032,15.0,SPDR S&P 500 Growth ETF,['State Street Global Advisors'],0.087774,0.220293,0.110156,0.141035,Equity: U.S.  -  Large Cap Growth,SPYG
730273535.517939,15.0,SPDR S&P 600 Small Cap ETF,['State Street Global Advisors'],0.090609,0.38998,0.106453,0.144959,Equity: U.S.  -  Small Cap,SLY
721406700.0,25.0,iShares Morningstar Mid-Cap ETF,['BlackRock'],0.081689,0.277789,0.095201,0.136211,Equity: U.S.  -  Mid Cap,JKG
712957313.2,35.0,VanEck Vectors Fallen Angel High Yield Bond ETF,['VanEck'],,0.314061,0.087211,,Fixed Income: U.S.  -  Corporate High Yield,ANGL
704087100.0,25.0,iShares Morningstar Large-Cap Growth ETF,['BlackRock'],0.078874,0.191682,0.098654,0.131721,Equity: U.S.  -  Large Cap Growth,JKE
693257300.0,20.0,PIMCO Investment Grade Corporate Bond Index ETF,['PIMCO'],,0.063696,0.039032,0.03804,Fixed Income: U.S.  -  Corporate Investment Grade,CORP
692694250.0,20.0,Vanguard S&P Mid Cap 400 Value Index Fund,['Vanguard'],,0.387408,0.105385,0.144584,Equity: U.S.  -  Mid Cap Value,IVOV
688256250.0,15.0,Vanguard S&P Mid Cap 400 Index Fund,['Vanguard'],,0.342833,0.100456,0.136391,Equity: U.S.  -  Mid Cap,IVOO
684941250.0,15.0,Vanguard S&P 500 Value Index Fund,['Vanguard'],,0.288391,0.105407,0.13587,Equity: U.S.  -  Large Cap Value,VOOV
677610865.338,60.0,First Trust US Equity Opportunities ETF,['First Trust'],0.104557,0.26255,0.076721,0.166996,Equity: U.S.  -  Total Market,FPX
670852000.0,12.0,Vanguard Russell 1000 Index Fund,['Vanguard'],,0.260425,0.104627,0.138115,Equity: U.S.  -  Large Cap,VONE
646425000.0,43.0,Guggenheim Bulletshares 2017 High Yield Corporate Bond ETF,['Guggenheim'],,0.078558,0.019789,,Fixed Income: U.S.  - Corporate High Yield Ultra-Short Term,BSJH
632899116.63,20.0,Guggenheim S&P 500 Top 50 ETF,['Guggenheim'],0.067915,0.243277,0.119094,0.134309,Equity: U.S.  -  Large Cap,XLG
631438500.0,20.0,Vanguard S&P Mid-Cap 400 Growth Index Fund,['Vanguard'],,0.29464,0.092225,0.126861,Equity: U.S.  -  Mid Cap Growth,IVOG
627234200.0,43.0,Guggenheim BulletShares 2019 High Yield Corporate Bond ETF,['Guggenheim'],,0.158788,0.025463,,Fixed Income: U.S.  - Corporate High Yield Short-Term,BSJJ
611330657.664,25.0,First Trust Enhanced Short Maturity ETF,['First Trust'],,0.013267,,,Fixed Income: U.S.  -  Broad Market Short-Term,FTSM
608689304.496,62.0,First Trust Large Cap Growth AlphaDEX Fund,['First Trust'],,0.16194,0.084181,0.131077,Equity: U.S.  -  Large Cap Growth,FTC
606556800.0,24.0,Guggenheim BulletShares 2021 Corporate Bond ETF,['Guggenheim'],,0.054828,0.037157,,Fixed Income: U.S.  -  Corporate Investment Grade Intermediate,BSCL
593526000.0,15.0,Vanguard S&P Small Cap 600 Index Fund ETF,['Vanguard'],,0.390889,0.106865,0.145514,Equity: U.S.  -  Small Cap,VIOO
585613500.0,45.0,ProShares Large Cap Core Plus,['ProShares'],,0.265625,0.117124,0.148565,Equity: U.S.  -  Large Cap,CSM
577707080.0,28.0,WisdomTree Total Dividend Fund,['WisdomTree'],0.067388,0.258173,0.113902,0.133628,Equity: U.S.  -  Total Market,DTD
560930349.0,39.0,Oppenheimer Large Cap Revenue ETF,['OppenheimerFunds'],,0.251395,0.102777,0.145269,Equity: U.S.  -  Large Cap,RWL
550057652.136,35.0,Guggenheim S&P Midcap 400 Pure Growth ETF,['Guggenheim'],0.097038,0.20041,0.034936,0.092201,Equity: U.S.  -  Mid Cap Growth,RFG
543370910.892,64.0,First Trust Small Cap Core AlphaDEX Fund,['First Trust'],,0.361951,0.058063,0.112483,Equity: U.S.  -  Small Cap,FYX
540649678.8,15.0,SPDR S&P 400 Mid Cap Growth ETF,['State Street Global Advisors'],0.091767,0.297459,0.092623,0.128882,Equity: U.S.  -  Mid Cap Growth,MDYG
526921312.4,39.0,Oppenheimer Small Cap Revenue ETF,['OppenheimerFunds'],,0.444255,0.095039,0.143124,Equity: U.S.  -  Small Cap,RWJ
511024768.55,45.0,SPDR Wells Fargo Preferred Stock ETF,['State Street Global Advisors'],,0.047719,0.07527,0.057208,Fixed Income: U.S.  -  Corporate Preferred Stock,PSK
506352000.0,55.0,Vident Core US Equity Fund,['Exchange Traded Concepts'],,0.299133,0.07902,,Equity: U.S.  -  Total Market,VUSE
503866215.0,50.0,iShares MSCI USA ESG Select ETF,['BlackRock'],0.066331,0.259896,0.096878,0.119347,Equity: U.S.  -  Total Market,KLD
501228000.0,48.0,Vident Core U.S. Bond Strategy ETF,['Exchange Traded Concepts'],,0.010928,,,Fixed Income: U.S.  -  Broad Market Intermediate,VBND
489721635.0,38.0,WisdomTree SmallCap Earnings Fund,['WisdomTree'],0.08227,0.436,0.085317,0.128396,Equity: U.S.  -  Small Cap,EES
489122040.0,30.0,iShares Morningstar Small Cap Value ETF,['BlackRock'],0.080702,0.432502,0.097972,0.138258,Equity: U.S.  -  Small Cap Value,JKL
476745602.401322,55.0,Highland iBoxx Senior Loan ETF,['Highland Capital Management'],,0.095919,0.020234,,Fixed Income: U.S.  - Corporate High Yield Floating Rate,SNLN
472819000.0,39.0,Oppenheimer Ultra Dividend Revenue ETF,['OppenheimerFunds'],,0.336689,0.14744,,Equity: U.S.  -  High Dividend Yield,RDIV
453606401.934,60.0,First Trust Nasdaq-100 Equal Weighted Index Fund,['First Trust'],0.096328,0.29538,0.109073,0.150423,Equity: U.S.  -  Large Cap,QQEW
453405600.0,24.0,Guggenheim BulletShares 2022 Corporate Bond ETF,['Guggenheim'],,0.062056,0.040674,,Fixed Income: U.S.  -  Corporate Investment Grade Intermediate,BSCM
428168567.8,41.0,VanEck Vectors Preferred Securities ex Financials ETF,['VanEck'],,0.100746,0.061231,,Fixed Income: U.S.  -  Corporate Preferred Stock,PFXF
424129845.052248,10.0,SPDR Russell 3000 ETF,['State Street Global Advisors'],0.073674,0.26816,0.102922,0.137747,Equity: U.S.  -  Total Market,THRK
419097900.0,57.0,PowerShares Dynamic Large Cap Growth Portfolio,['Invesco PowerShares'],0.073734,0.170082,0.096915,0.144751,Equity: U.S.  -  Large Cap Growth,PWB
392680376.0,15.0,SPDR S&P 400 Mid Cap Value ETF,['State Street Global Advisors'],0.073832,0.383154,0.1055,0.142282,Equity: U.S.  -  Mid Cap Value,MDYV
386221520.0,25.0,iShares Morningstar Large Cap Value ETF,['BlackRock'],0.045051,0.276916,0.103864,0.126745,Equity: U.S.  -  Large Cap Value,JKF
380428679.172604,45.0,Global X SuperDividend US ETF,['Global X'],,0.147559,0.047229,,Equity: U.S.  -  High Dividend Yield,DIV
368872000.0,30.0,iShares Morningstar Mid-Cap Value ETF,['BlackRock'],0.076735,0.353828,0.117353,0.162048,Equity: U.S.  -  Mid Cap Value,JKI
366778400.0,43.0,Guggenheim BulletShares 2020 High Yield Corporate Bond ETF,['Guggenheim'],,0.186416,0.031097,,Fixed Income: U.S.  - Corporate High Yield Intermediate,BSJK
366081809.281384,15.0,SPDR S&P 500 Value ETF,['State Street Global Advisors'],0.057367,0.287801,0.105327,0.135054,Equity: U.S.  -  Large Cap Value,SPYV
363205000.0,35.0,VictoryShares US EQ Income Enhanced Volatility Wtd Index ETF,['Victory Capital Management'],,0.24612,,,Equity: U.S.  -  Large Cap,CDC
358289336.858,65.0,First Trust Capital Strength ETF,['First Trust'],0.072464,0.189008,0.110366,0.130857,Equity: U.S.  -  Large Cap,FTCS
330631470.0,20.0,iShares Edge MSCI Multifactor USA ETF,['BlackRock'],,0.265244,,,Equity: U.S.  -  Total Market,LRGF
326463040.0,35.0,John Hancock Multifactor Large Cap ETF,['John Hancock'],,0.265398,,,Equity: U.S.  -  Large Cap,JHML
315781000.0,15.0,Vanguard Russell 3000 Index Fund,['Vanguard'],,0.269639,0.10064,0.137748,Equity: U.S.  -  Total Market,VTHR
314239200.0,55.0,PowerShares Dividend Achievers Portfolio,['Invesco PowerShares'],0.055989,0.199132,0.09576,0.115327,Equity: U.S.  -  Total Market,PFM
295503115.2045,37.0,FlexShares Quality Dividend Defensive Index Fund,['Northern Trust'],,0.231132,0.11108,,Equity: U.S.  -  Total Market,QDEF
293085900.0,75.0,Powershares S&P 500 BuyWrite Portfolio,['Invesco PowerShares'],,0.135442,0.057469,0.051565,Equity: U.S.  -  Large Cap,PBP
292358000.0,35.0,VictoryShares US 500 Enhanced Volatility Wtd Index ETF,['Victory Capital Management'],,0.271133,,,Equity: U.S.  -  Large Cap,CFO
288069550.0,10.0,iShares iBonds Dec 2021 Term Corporate ETF,['BlackRock'],,0.045605,,,Fixed Income: U.S.  -  Corporate Investment Grade Intermediate,IBDM
287545512.4,39.0,Oppenheimer Mid Cap Revenue ETF,['OppenheimerFunds'],,0.330593,0.090193,0.131738,Equity: U.S.  -  Mid Cap,RWK
268477860.0,10.0,iShares iBonds Dec 2020 Term Corporate ETF,['BlackRock'],,0.035988,,,Fixed Income: U.S.  -  Corporate Investment Grade Intermediate,IBDL
266574630.0,8.0,iShares 0-5 Year Investment Grade Corporate Bond ETF,['BlackRock'],,0.032468,0.016692,,Fixed Income: U.S.  -  Corporate Investment Grade Short-Term,SLQD
265266050.0,15.0,iShares Edge MSCI USA Size Factor ETF,['BlackRock'],,0.251493,0.111514,,Equity: U.S.  -  Total Market,SIZE
264054050.053079,32.0,Schwab Fundamental US Broad Market Index ETF,['Charles Schwab'],,0.272239,0.100318,,Equity: U.S.  -  Total Market,FNDB
263802990.96,35.0,Guggenheim S&P Smallcap 600 Pure Value ETF,['Guggenheim'],0.060734,0.443199,0.063027,0.121993,Equity: U.S.  -  Small Cap Value,RZV
257974785.0,10.0,iShares iBonds Dec 2019 Term Corporate ETF,['BlackRock'],,0.0358,,,Fixed Income: U.S.  -  Corporate Investment Grade Short-Term,IBDK
251293595.0,25.0,iShares Morningstar Small-Cap ETF,['BlackRock'],0.071889,0.348702,0.091316,0.12908,Equity: U.S.  -  Small Cap,JKJ
246626071.386,65.0,Direxion All Cap Insider Sentiment Shares,['Direxion'],,0.258225,0.128368,0.143099,Equity: U.S.  -  Total Market,KNOW
236307767.6,12.0,SPDR Bloomberg Barclays Long Term Corporate Bond ETF,['State Street Global Advisors'],,0.109041,0.059737,0.050366,Fixed Income: U.S.  -  Corporate Investment Grade Long-Term,LWC
232645000.0,20.0,Vanguard S&P Small Cap 600 Growth Index Fund ETF,['Vanguard'],,0.362162,0.10676,0.146277,Equity: U.S.  -  Small Cap Growth,VIOG
232004687.457507,29.0,JPMorgan Diversified Return U.S. Equity ETF,['JPMorgan'],,0.23533,,,Equity: U.S.  -  Large Cap,JPUS
228774000.0,10.0,iShares iBonds Dec 2018 Term Corporate ETF,['BlackRock'],,0.02334,,,Fixed Income: U.S.  -  Corporate Investment Grade Short-Term,IBDH
226984028.373,20.0,PowerShares Russell 1000 Equal Weight Portfolio,['Invesco PowerShares'],,0.313609,,,Equity: U.S.  -  Large Cap,EQAL
225118480.0,20.0,iShares Russell Top 200 Value ETF,['BlackRock'],,0.28249,0.101035,0.13511,Equity: U.S.  -  Large Cap Value,IWX
225018200.0,25.0,iShares CMBS ETF,['BlackRock'],,0.014512,0.021605,0.027635,Fixed Income: U.S.  - Corporate Asset-backed ,CMBS
220904396.479,35.0,Guggenheim S&P Midcap 400 Pure Value ETF,['Guggenheim'],0.066612,0.468681,0.09927,0.135172,Equity: U.S.  -  Mid Cap Value,RFV
219134640.0,54.0,iShares Interest Rate Hedged High Yield Bond ETF,['BlackRock'],,0.214851,,,Fixed Income: U.S.  -  Corporate High Yield,HYGH
217042029.33,25.0,PowerShares S&P 500 ex-Rate Sensitive Low Volatility Portfolio,['Invesco PowerShares'],,0.209478,,,Equity: U.S.  -  Large Cap,XRLV
215603012.8703,95.0,Barclays ETN+ S&P VEQTOR ETN,['Barclays Capital'],,0.068406,-0.003138,0.013056,Equity: U.S.  -  Large Cap,VQT
214428336.2,10.0,SPDR Russell 2000 ETF,['State Street Global Advisors'],,0.403863,0.078435,,Equity: U.S.  -  Small Cap,TWOK
211278000.0,20.0,Vanguard S&P Small Cap 600 Value Index Fund,['Vanguard'],,0.410304,0.102245,0.141542,Equity: U.S.  -  Small Cap Value,VIOV
210392000.0,65.0,Guggenheim S&P Spin-Off ETF,['Guggenheim'],0.062319,0.337087,0.028144,0.134809,Equity: U.S.  -  Total Market,CSD
205675340.2,12.0,SPDR SSGA US Small Cap Low Volatility Index ETF,['State Street Global Advisors'],,0.360093,0.129636,,Equity: U.S.  -  Small Cap,SMLV
202658000.0,30.0,ProShares Investment Grade-Interest Rate Hedged,['ProShares'],,0.136061,0.012608,,Fixed Income: U.S.  -  Corporate Investment Grade Long-Term,IGHG
200918070.0,10.0,iShares iBonds Dec 2022 Term Corporate ETF,['BlackRock'],,0.051215,,,Fixed Income: U.S.  -  Corporate Investment Grade Intermediate,IBDN
199840790.0,30.0,iShares Morningstar Mid-Cap Growth ETF,['BlackRock'],0.071384,0.259202,0.058789,0.109245,Equity: U.S.  -  Mid Cap Growth,JKH
195614566.368,75.0,Guggenheim Raymond James SB-1 Equity ETF,['Guggenheim'],0.083891,0.383637,0.06762,0.120796,Equity: U.S.  -  Total Market,RYJ
194275210.0,65.0,ALPS Barron's 400 ETF,['ALPS'],,0.315713,0.076816,,Equity: U.S.  -  Total Market,BFOR
185493800.0,60.0,PowerShares DWA SmallCap Momentum Portfolio,['Invesco PowerShares'],,0.296659,0.016551,,Equity: U.S.  -  Small Cap,DWAS
184794750.0,20.0,Vanguard Russell 2000 Growth Index Fund,['Vanguard'],,0.335048,0.05879,0.11894,Equity: U.S.  -  Small Cap Growth,VTWG
180644801.432,35.0,Guggenheim S&P Smallcap 600 Pure Growth ETF,['Guggenheim'],0.093942,0.375471,0.089749,0.132534,Equity: U.S.  -  Small Cap Growth,RZG
178891000.0,20.0,Vanguard Russell 2000 Value Index Fund,['Vanguard'],,0.453695,0.093061,0.132292,Equity: U.S.  -  Small Cap Value,VTWV
175633028.4,10.0,SPDR S&P 1000 ETF,['State Street Global Advisors'],0.083611,0.375954,0.079949,0.131831,Equity: U.S.  -  Extended Market,SMD
175077585.0,10.0,iShares iBonds Dec 2017 Term Corporate ETF,['BlackRock'],,0.014985,,,Fixed Income: U.S.  - Corporate Investment Grade Ultra-Short Term,IBDJ
173445990.0,45.0,Fidelity Limited Term Bond ETF,['Fidelity'],,0.020583,,,Fixed Income: U.S.  - Broad Market Investment Grade Short-Term,FLTB
170353350.0,60.0,Guggenheim Defensive Equity ETF,['Guggenheim'],0.056243,0.215093,0.092648,0.104939,Equity: U.S.  -  Total Market,DEF
163268000.0,65.0,Guggenheim Mid-Cap Core ETF,['Guggenheim'],,0.331453,0.100123,0.137755,Equity: U.S.  -  Mid Cap,CZA
161799460.0,45.0,John Hancock Multifactor Mid Cap ETF,['John Hancock'],,0.293835,,,Equity: U.S.  -  Mid Cap,JHMM
161732950.0,90.0,AdvisorShares Wilshire Buyback ETF,['AdvisorShares'],,0.287168,0.117996,0.154517,Equity: U.S.  -  Total Market,TTFS
159100500.0,8.0,iShares Core 10+ Year USD Bond ETF,['BlackRock'],,0.051847,0.063583,0.043928,Fixed Income: U.S.  -  Broad Market Long-Term,ILTB
158027000.0,35.0,VictoryShares US 500 Volatility Wtd Index Fund,['Victory Capital Management'],,0.272852,,,Equity: U.S.  -  Large Cap,CFA
157482900.0,24.0,Guggenheim BulletShares 2023 Corporate Bond ETF,['Guggenheim'],,0.062609,,,Fixed Income: U.S.  -  Corporate Investment Grade Intermediate,BSCN
154302960.0,30.0,Alps Equal Sector Weight ETF,['ALPS'],,0.242382,0.095835,0.128271,Equity: U.S.  -  Large Cap,EQL
150439800.0,24.0,Guggenheim BulletShares 2024 Corporate Bond ETF,['Guggenheim'],,0.068645,,,Fixed Income: U.S.  -  Corporate Investment Grade Intermediate,BSCO
149295060.0,10.0,iShares iBonds Dec 2025 Term Corporate ETF,['BlackRock'],,0.059386,,,Fixed Income: U.S.  -  Corporate Investment Grade Intermediate,IBDQ
142944500.0,60.0,PowerShares Dynamic Market Portfolio,['Invesco PowerShares'],0.060313,0.269773,0.079072,0.140313,Equity: U.S.  -  Total Market,PWC
135057400.0,39.0,PowerShares Russell Top 200 Pure Growth Portfolio,['Invesco PowerShares'],,0.196682,0.096704,0.119046,Equity: U.S.  -  Large Cap Growth,PXLG
133212039.6,10.0,SPDR Russell 1000,['State Street Global Advisors'],0.073243,0.264782,0.104896,0.138754,Equity: U.S.  -  Large Cap,ONEK
132625430.0,10.0,iShares iBonds Dec 2023 Term Corporate ETF,['BlackRock'],,0.056839,,,Fixed Income: U.S.  -  Corporate Investment Grade Intermediate,IBDO
131109600.0,28.0,WisdomTree Earnings 500 Fund,['WisdomTree'],0.072036,0.288765,0.109486,0.135678,Equity: U.S.  -  Large Cap,EPS
129929500.0,35.0,PowerShares Global Short Term High Yield Bond Portfolio,['Invesco PowerShares'],,0.166237,0.049182,,Fixed Income: U.S.  - Broad Market High Yield Short-Term,PGHY
129012900.0,41.0,Guggenheim S&P Midcap 400 Equal Weight ETF,['Guggenheim'],,0.380779,0.088929,0.13404,Equity: U.S.  -  Mid Cap,EWMC
125281500.0,15.0,iShares MSCI USA Equal Weighted ETF,['BlackRock'],,0.296518,0.101604,0.134952,Equity: U.S.  -  Total Market,EUSA
121126120.218,70.0,First Trust Small Cap Value AlphaDEX Fund,['First Trust'],,0.399154,0.04427,0.107035,Equity: U.S.  -  Small Cap Value,FYT
118624605.444,68.0,First Trust Multi Cap Value AlphaDEX Fund,['First Trust'],,0.384999,0.075591,0.119959,Equity: U.S.  -  Total Market Value,FAB
115910000.0,50.0,ProShares High Yield-Interest Rate Hedged ETF,['ProShares'],,0.24782,0.007908,,Fixed Income: U.S.  -  Corporate High Yield,HYHG
115529475.0,30.0,iShares Morningstar Small-Cap Growth ETF,['BlackRock'],0.074403,0.322115,0.054663,0.113797,Equity: U.S.  -  Small Cap Growth,JKK
113942700.0,60.0,First Trust Dow Jones Select MicroCap Index Fund,['First Trust'],0.061847,0.440259,0.12685,0.153307,Equity: U.S.  -  Micro Cap,FDM
111840047.25714,50.0,First Trust Rising Dividend Achievers ETF,['First Trust'],,0.414059,0.127512,,Equity: U.S.  -  Large Cap,RDVY
110049275.896,35.0,Direxion NASDAQ-100 Equal Weighted Index Shares,['Direxion'],,0.295458,0.111345,,Equity: U.S.  -  Large Cap,QQQE
109447360.0,25.0,iShares Edge U.S. Fixed Income Balanced Risk ETF,['BlackRock'],,0.061577,,,Fixed Income: U.S.  -  Broad Market,FIBR
107938200.0,15.0,iShares Russell Top 200 ETF,['BlackRock'],,0.254021,0.111781,0.139841,Equity: U.S.  -  Large Cap,IWL
107796536.6,14.0,VanEck Vectors Investment Grade Floating Rate ETF,['VanEck'],,0.038275,0.011094,0.022159,Fixed Income: U.S.  -  Corporate Investment Grade Floating Rate,FLTR
106189373.234,70.0,First Trust Small Cap Growth AlphaDEX Fund,['First Trust'],,0.312491,0.0735,0.123819,Equity: U.S.  -  Small Cap Growth,FYC
103800690.0,10.0,iShares iBonds Mar 2018 Term Corporate ETF,['BlackRock'],,0.016195,0.014775,,Fixed Income: U.S.  -  Corporate Investment Grade Short-Term,IBDB
103720740.0,38.0,WisdomTree US Smallcap Quality Dividend Growth Fund,['WisdomTree'],,0.361953,0.093054,,Equity: U.S.  -  Small Cap,DGRS
103187200.0,15.0,iShares Aaa-A Rated Corporate Bond ETF,['BlackRock'],,0.03636,0.033426,0.030355,Fixed Income: U.S.  -  Corporate Investment Grade,QLTA
99659338.586,60.0,First Trust NASDAQ-100 Ex-Technology Sector Index Fund,['First Trust'],0.085577,0.177678,0.072595,0.139906,Equity: U.S.  -  Large Cap,QQXT
98617859.710001,91.0,Hull Tactical US ETF,['Exchange Traded Concepts'],,0.074691,,,Alternatives: Absolute Returns,HTUS
94666495.0,10.0,iShares iBonds Dec 2024 Term Corporate ETF,['BlackRock'],,0.060703,,,Fixed Income: U.S.  -  Corporate Investment Grade Intermediate,IBDP
93849400.0,39.0,PowerShares Russell 2000 Pure Value Portfolio,['Invesco PowerShares'],0.056298,0.48026,0.096323,0.14307,Equity: U.S.  -  Small Cap Value,PXSV
92389067.192,70.0,First Trust Mid Cap Growth AlphaDEX Fund,['First Trust'],,0.263234,0.064055,0.105607,Equity: U.S.  -  Mid Cap Growth,FNY
92344011.932,70.0,First Trust Multi Cap Growth AlphaDEX Fund,['First Trust'],,0.222413,0.075891,0.122175,Equity: U.S.  -  Total Market Growth,FAD
91965400.0,39.0,Powershares S&P 500 Downside Hedged Portfolio,['Invesco PowerShares'],,0.0749,-3.2e-05,,Equity: U.S.  -  Large Cap,PHDG
90684000.0,59.0,Deep Value ETF,['Exchange Traded Concepts'],,0.347766,,,Equity: U.S.  -  Large Cap Value,DVP
87461705.0,10.0,iShares iBonds Mar 2018 Term Corporate ex-Financials ETF,['BlackRock'],,0.015737,0.013262,,Fixed Income: U.S.  -  Corporate Investment Grade Short-Term,IBCC
87041500.0,37.0,AdvisorShares Sage Core Reserves ETF,['AdvisorShares'],,0.01379,0.00489,,Fixed Income: U.S.  - Broad Market Investment Grade Short-Term,HOLD
86108400.0,10.0,iShares iBonds Mar 2020 Term Corporate ex-Financials ETF,['BlackRock'],,0.029098,0.025743,,Fixed Income: U.S.  -  Corporate Investment Grade Intermediate,IBCD
85054775.0,10.0,iShares iBonds Mar 2020 Term Corporate ETF,['BlackRock'],,0.03494,0.027364,,Fixed Income: U.S.  -  Corporate Investment Grade Intermediate,IBDC
84412430.0,12.0,SPDR SSGA US Large Cap Low Volatility Index ETF,['State Street Global Advisors'],,0.215684,0.116906,,Equity: U.S.  -  Large Cap,LGLV
82092150.0,39.0,PowerShares Russell Midcap Pure Value Portfolio,['Invesco PowerShares'],0.056413,0.390861,0.110725,0.15438,Equity: U.S.  -  Mid Cap Value,PXMV
81507680.0,10.0,iShares iBonds Mar 2023 Term Corporate ETF,['BlackRock'],,0.052953,0.043439,,Fixed Income: U.S.  -  Corporate Investment Grade Intermediate,IBDD
81060750.0,39.0,PowerShares Russell Top 200 Pure Value Portfolio,['Invesco PowerShares'],,0.386159,0.115981,0.144278,Equity: U.S.  -  Large Cap Value,PXLV
76896068.352,70.0,First Trust Mid Cap Value AlphaDEX Fund,['First Trust'],,0.387879,0.061555,0.114906,Equity: U.S.  -  Mid Cap Value,FNK
74439435.0,38.0,WisdomTree LargeCap Value Fund,['WisdomTree'],0.052991,0.210555,0.085213,0.117169,Equity: U.S.  -  Large Cap Value,EZY
73532194.4,67.0,Guggenheim Insider Sentiment ETF,['Guggenheim'],0.067915,0.251503,0.053068,0.098765,Equity: U.S.  -  Total Market,NFO
70477440.2728,37.0,FlexShares Quality Dividend Dynamic Index Fund,['Northern Trust'],,0.324107,0.100808,,Equity: U.S.  -  Total Market,QDYN
69090000.0,60.0,Recon Capital NASDAQ 100 Covered Call ETF,['Recon Capital'],,0.15352,0.060817,,Equity: U.S.  -  Large Cap,QYLD
65913900.0,39.0,PowerShares Russell Midcap Pure Growth Portfolio,['Invesco PowerShares'],0.052895,0.281948,0.048874,0.088622,Equity: U.S.  -  Mid Cap Growth,PXMG
64675650.0,22.0,PowerShares Fundamental Investment Grade Corporate Bond ETF,['Invesco PowerShares'],,0.042166,0.027338,0.025716,Fixed Income: U.S.  -  Corporate Investment Grade Intermediate,PFIG
63240225.0,28.0,WisdomTree Total Earnings Fund,['WisdomTree'],0.074272,0.286214,0.104708,0.135538,Equity: U.S.  -  Total Market,EXT
59148698.24904,70.0,First Trust Horizon Managed Volatility Domestic ETF,['First Trust'],,,,,Equity: U.S.  -  Large Cap,HUSV
58114326.078592,75.0,Global X Guru Index ETF,['Global X'],,0.261081,0.012768,,Equity: U.S.  -  Total Market,GURU
57595650.0,24.0,Guggenheim BulletShares 2025 Corporate Bond ETF,['Guggenheim'],,0.053717,,,Fixed Income: U.S.  -  Corporate Investment Grade Intermediate,BSCP
54601917.196,70.0,First Trust Value Line 100 ETF,['First Trust'],0.039279,0.23638,0.063484,0.107931,Equity: U.S.  -  Total Market,FVL
52077960.0,24.0,iShares Interest Rate Hedged Corporate Bond ETF,['BlackRock'],,0.113766,,,Fixed Income: U.S.  -  Corporate Investment Grade,LQDH
45925470.0,10.0,iShares iBonds Mar 2023 Term Corporate ex-Financials ETF,['BlackRock'],,0.041478,0.041694,,Fixed Income: U.S.  -  Corporate Investment Grade Intermediate,IBCE
45716098.03155,85.0,First Trust High Income ETF,['First Trust'],,0.191554,0.079337,,Equity: U.S.  -  Large Cap,FTHI
45232000.0,38.0,VictoryShares US Discovery Enhanced Volatility Weighted Index ETF,['Victory Capital Management'],,0.285874,,,Equity: U.S.  -  Small Cap,CSF
44756730.0,45.0,Fidelity Corporate Bond ETF,['Fidelity'],,0.097871,,,Fixed Income: U.S.  - Corporate ,FCOR
43018380.0,43.0,WisdomTree Interest Rate Hedged High Yield Bond Fund,['WisdomTree'],,0.20989,0.032166,,Fixed Income: U.S.  - Corporate High Yield Short-Term,HYZD
40215890.2698,22.0,FlexShares Credit-Scored US Corporate Bond Index Fund,['Northern Trust'],,0.030271,,,Fixed Income: U.S.  -  Corporate Investment Grade Intermediate,SKOR
36053365.3704,48.0,WisdomTree Dynamic Long/Short U.S. Equity Fund,['WisdomTree'],,0.157389,,,Alternatives: Absolute Returns,DYLS
34512000.0,25.0,PowerShares Russell Top 200 Equal Weight Portfolio,['Invesco PowerShares'],0.065052,0.292253,0.110789,0.1375,Equity: U.S.  -  Large Cap,EQWL
34425000.0,95.0,AlphaClone Alternative Alpha ETF,['Exchange Traded Concepts'],,0.09458,-0.011403,,Equity: U.S.  -  Total Market,ALFA
33805200.0,60.0,PowerShares DWA NASDAQ Momentum Portfolio,['Invesco PowerShares'],0.044734,0.284474,0.050823,0.108105,Equity: U.S.  -  Total Market,DWAQ
32840600.0,41.0,Guggenheim S&P SmallCap 600 Equal Weight ETF,['Guggenheim'],,0.412506,0.04151,0.099877,Equity: U.S.  -  Small Cap,EWSC
31801149.0,16.0,SPDR Bloomberg Barclays Issuer Scored Corporate Bond ETF,['State Street Global Advisors'],,0.059964,0.03701,0.035128,Fixed Income: U.S.  -  Corporate Investment Grade,CBND
29713200.0,39.0,PowerShares Russell 2000 Pure Growth Portfolio,['Invesco PowerShares'],0.039656,0.295603,0.043994,0.091328,Equity: U.S.  -  Small Cap Growth,PXSG
26338200.0,25.0,PowerShares Russell Midcap Equal Weight Portfolio,['Invesco PowerShares'],0.052751,0.326694,0.086075,0.118787,Equity: U.S.  -  Mid Cap,EQWM
26143950.0,22.0,PowerShares LadderRite 0-5 Year Corporate Bond Portfolio,['Invesco PowerShares'],,0.024992,,,Fixed Income: U.S.  -  Corporate Investment Grade Short-Term,LDRI
24024450.0,23.0,WisdomTree Barclays Interest Rate Hedged U.S. Aggregate Bond Fund,['WisdomTree'],,0.036531,0.007571,,Fixed Income: U.S.  - Broad Market Investment Grade ,AGZD
23121190.0,29.0,Hartford Multifactor US Equity ETF,['Hartford'],,0.252091,,,Equity: U.S.  -  Large Cap,ROUS
22542056.355,52.0,RiverFront Dynamic US Dividend Advantage ETF,['ALPS'],,,,,Equity: U.S.  -  Total Market,RFDA
22511340.0,18.0,iShares Ultra Short-Term Bond ETF,['BlackRock'],,0.014404,0.005873,,Fixed Income: U.S.  - Broad Market Investment Grade Ultra-Short Term,ICSH
19851000.0,25.0,PowerShares Russell 2000 Equal Weight Portfolio,['Invesco PowerShares'],0.043902,0.405011,0.078962,0.111564,Equity: U.S.  -  Small Cap,EQWS
17879050.0,20.0,iShares Convertible Bond ETF,['BlackRock'],,0.289312,,,Fixed Income: U.S.  -   Convertibles,ICVT
17584600.0,28.0,WisdomTree Barclays Negative Duration U.S. Aggregate Bond Fund,['WisdomTree'],,0.06073,-0.020627,,Fixed Income: U.S.  - Broad Market Investment Grade ,AGND
17376240.0,28.0,iShares Yield Optimized Bond ETF,['BlackRock'],,0.060963,,,Fixed Income: U.S.  -  Broad Market,BYLD
16391159.604,70.0,First Trust Mega Cap AlphaDEX Fund,['First Trust'],,0.236011,0.076857,0.102631,Equity: U.S.  -  Large Cap,FMK
16090061.6,20.0,SPDR SSgA Ultra Short Term Bond ETF,['State Street Global Advisors'],,0.018878,0.007257,,Fixed Income: U.S.  - Broad Market Investment Grade Ultra-Short Term,ULST
14896279.35,12.0,SPDR S&P 1500 Momentum Tilt ETF,['State Street Global Advisors'],,0.218085,0.095053,,Equity: U.S.  -  Total Market,MMTM
13800000.0,65.0,Direxion iBillionaire Index ETF,['Direxion'],,0.227319,,,Equity: U.S.  -  Total Market,IBLN
13659960.0,60.0,Renaissance IPO ETF,['Renaissance Capital'],,0.30887,0.00803,,Equity: U.S.  -  Total Market,IPO
13648000.0,15.0,SPDR MSCI USA StrategicFactors ETF,['State Street Global Advisors'],,0.228982,,,Equity: U.S.  -  Total Market,QUS
13630102.6,60.0,SPDR MFS Systematic Growth Equity ETF,['State Street Global Advisors'],,0.217908,0.12904,,Equity: U.S.  -  Large Cap Growth,SYG
9235133.9,12.0,SPDR S&P 1500 Value Tilt ETF,['State Street Global Advisors'],,0.320486,0.101989,,Equity: U.S.  -  Total Market Value,VLU
8786158.574,70.0,First Trust Total US Market AlphaDEX ETF,['First Trust'],0.039632,0.313312,0.058143,0.094294,Equity: U.S.  -  Total Market,TUSA
8289802.95,35.0,SPDR S&P 500 Buyback ETF,['State Street Global Advisors'],,0.290997,,,Equity: U.S.  -  Large Cap,SPYB
6649841.2,60.0,SPDR MFS Systematic Core Equity ETF,['State Street Global Advisors'],,0.253642,0.122031,,Equity: U.S.  -  Large Cap,SYE
5928022.2,60.0,SPDR MFS Systematic Value Equity ETF,['State Street Global Advisors'],,0.269294,0.104082,,Equity: U.S.  -  Large Cap Value,SYV
5572475.7242,75.0,Sprott Buzz Social Media Insights,['ALPS'],,,,,Equity: U.S.  -  Total Market,BUZ
4037832.0,55.0,Stock Split Index Fund,['USCF Advisers'],,0.16488,,,Equity: U.S.  -  Total Market,TOFR
1430605.0,33.0,WisdomTree Strong Dollar U.S. Equity Fund,['WisdomTree'],,0.252081,,,Equity: U.S.  -  Total Market,USSD
1403645.0,33.0,WisdomTree Weak Dollar US Equity Fund,['WisdomTree'],,0.274369,,,Equity: U.S.  -  Total Market,USWD
1331050.0,45.0,Guggenheim Large Cap Optimized Diversification,['Guggenheim'],,,,,Equity: U.S.  -  Large Cap,OPD
